IP,ASN
1.65.179.17,4760
103.15.29.151,55639
103.208.220.122,46562
103.208.220.226,46562
103.234.220.195,9381
103.234.220.197,9381
103.236.201.110,136052
103.236.201.88,136052
103.249.28.195,45382
103.253.41.111,133398
103.253.41.98,133398
103.28.52.93,136052
103.28.53.138,136052
103.75.190.11,55720
104.149.170.162,40676
104.196.43.128,15169
104.200.20.46,63949
104.217.248.62,40676
104.218.63.72,53356
104.218.63.73,53356
104.218.63.74,53356
104.218.63.75,53356
104.218.63.76,53356
104.244.72.104,53667
104.244.72.115,53667
104.244.72.128,53667
104.244.72.191,53667
104.244.72.22,53667
104.244.72.239,53667
104.244.72.241,53667
104.244.72.33,53667
104.244.72.99,53667
104.244.73.126,53667
104.244.73.192,53667
104.244.73.198,53667
104.244.73.216,53667
104.244.73.218,53667
104.244.74.13,53667
104.244.74.136,53667
104.244.74.137,53667
104.244.74.17,53667
104.244.74.47,53667
104.244.74.53,53667
104.244.74.57,53667
104.244.74.78,53667
104.244.74.97,53667
104.244.74.98,53667
104.244.75.109,53667
104.244.75.115,53667
104.244.75.122,53667
104.244.75.138,53667
104.244.75.188,53667
104.244.75.19,53667
104.244.75.66,53667
104.244.76.110,53667
104.244.76.111,53667
104.244.76.13,53667
104.244.76.142,53667
104.244.76.165,53667
104.244.76.189,53667
104.244.76.190,53667
104.244.76.21,53667
104.244.76.245,53667
104.244.76.251,53667
104.244.76.56,53667
104.244.76.69,53667
104.244.76.73,53667
104.244.77.132,53667
104.244.77.141,53667
104.244.77.159,53667
104.244.77.171,53667
104.244.77.199,53667
104.244.77.207,53667
104.244.77.227,53667
104.244.77.81,53667
104.244.77.95,53667
104.244.78.149,53667
104.244.78.176,53667
104.244.78.21,53667
104.244.78.231,53667
104.244.78.233,53667
104.244.78.251,53667
104.244.78.61,53667
104.244.79.124,53667
104.244.79.14,53667
104.244.79.146,53667
104.244.79.160,53667
104.244.79.164,53667
104.244.79.179,53667
104.244.79.215,53667
104.244.79.233,53667
104.244.79.242,53667
104.244.79.90,53667
106.104.36.234,4780
106.104.37.65,4780
106.104.38.135,4780
106.104.38.46,4780
107.181.161.182,46562
107.189.10.10,53667
107.189.10.110,53667
107.189.10.119,53667
107.189.10.142,53667
107.189.10.143,53667
107.189.10.145,53667
107.189.10.148,53667
107.189.10.17,53667
107.189.10.181,53667
107.189.10.185,53667
107.189.10.188,53667
107.189.10.189,53667
107.189.10.19,53667
107.189.10.190,53667
107.189.10.191,53667
107.189.10.212,53667
107.189.10.216,53667
107.189.10.218,53667
107.189.10.232,53667
107.189.10.253,53667
107.189.10.35,53667
107.189.10.42,53667
107.189.10.47,53667
107.189.10.60,53667
107.189.10.85,53667
107.189.10.93,53667
107.189.11.153,53667
107.189.11.163,53667
107.189.11.168,53667
107.189.11.178,53667
107.189.11.181,53667
107.189.11.182,53667
107.189.11.185,53667
107.189.11.235,53667
107.189.11.240,53667
107.189.11.25,53667
107.189.11.63,53667
107.189.11.80,53667
107.189.11.82,53667
107.189.11.84,53667
107.189.11.87,53667
109.169.33.163,20860
109.194.216.216,50542
109.194.218.7,50542
109.201.133.100,43350
109.248.11.157,204490
109.250.145.166,8881
109.250.145.68,8881
109.250.145.75,8881
109.250.149.90,8881
109.250.150.176,8881
109.250.150.72,8881
109.250.158.47,8881
109.250.159.184,8881
109.69.67.17,49855
109.70.100.19,208323
109.70.100.20,208323
109.70.100.21,208323
109.70.100.22,208323
109.70.100.23,208323
109.70.100.24,208323
109.70.100.25,208323
109.70.100.26,208323
109.70.100.27,208323
109.70.100.28,208323
109.70.100.29,208323
109.70.100.30,208323
109.70.100.31,208323
109.70.100.32,208323
109.70.100.33,208323
109.70.100.34,208323
109.70.100.35,208323
109.70.100.36,208323
115.70.208.17,10143
116.202.112.170,24940
116.203.254.69,24940
118.163.74.160,3462
119.161.100.138,63930
119.236.50.147,4760
123.30.128.138,7643
124.109.1.207,45413
125.212.241.131,38731
128.199.149.82,14061
128.199.213.157,14061
128.31.0.13,3
130.149.80.199,680
130.185.250.76,49453
130.204.161.3,13124
131.255.4.188,61493
136.244.100.147,20473
137.74.117.63,16276
137.74.169.241,16276
138.59.18.110,52423
139.162.10.72,63949
139.162.7.42,63949
139.59.213.101,14061
139.99.172.11,16276
139.99.98.191,16276
14.141.116.26,4755
14.99.38.109,45820
141.98.252.165,39351
141.98.254.225,39351
142.44.133.86,16276
142.44.133.87,16276
142.44.133.91,16276
142.44.133.93,16276
142.44.133.94,16276
142.44.133.95,16276
142.44.139.12,16276
142.44.156.131,16276
142.44.156.132,16276
142.44.156.133,16276
142.44.156.134,16276
142.44.156.135,16276
142.44.156.136,16276
142.44.156.137,16276
142.44.156.138,16276
142.44.156.139,16276
142.44.156.140,16276
142.44.156.141,16276
142.44.156.142,16276
142.44.156.143,16276
142.44.156.144,16276
142.44.156.145,16276
142.44.156.146,16276
142.44.156.147,16276
142.44.156.148,16276
142.44.156.149,16276
142.44.156.150,16276
142.44.156.159,16276
142.44.219.49,16276
142.44.246.156,16276
142.93.157.201,14061
143.202.161.75,52423
144.172.71.182,397031
144.217.108.11,16276
144.217.166.65,16276
144.217.255.89,16276
144.217.60.211,16276
144.217.60.239,16276
144.217.64.46,16276
144.217.7.33,16276
144.217.80.80,16276
144.91.106.71,51167
145.239.91.37,16276
149.202.238.204,16276
149.56.44.47,16276
149.56.99.85,16276
151.237.185.110,57858
151.73.164.168,1267
151.73.226.199,1267
151.73.66.72,1267
151.73.93.43,1267
152.44.33.160,25697
152.66.35.72,2547
154.127.60.92,61317
155.4.117.13,8473
157.157.87.22,206804
157.245.184.13,14061
158.174.122.199,8473
158.69.172.224,16276
158.69.172.225,16276
158.69.172.227,16276
158.69.172.228,16276
158.69.172.229,16276
158.69.172.230,16276
158.69.172.231,16276
158.69.201.47,16276
158.69.236.50,16276
158.69.236.52,16276
158.69.236.57,16276
158.69.35.227,16276
158.69.36.150,16276
158.69.63.54,16276
159.89.174.9,14061
160.119.249.239,37153
160.119.253.114,37153
160.202.162.186,45382
162.213.3.221,394738
162.221.204.241,11831
162.247.72.199,4224
162.247.73.192,4224
162.247.74.200,4224
162.247.74.201,4224
162.247.74.202,4224
162.247.74.204,4224
162.247.74.206,4224
162.247.74.213,4224
162.247.74.216,4224
162.247.74.217,4224
162.247.74.27,4224
162.247.74.7,4224
162.247.74.74,4224
163.172.151.47,12876
163.172.41.228,12876
164.132.51.91,16276
164.132.9.199,16276
164.77.133.220,6471
166.70.207.2,6315
167.114.15.217,16276
167.114.15.219,16276
167.114.15.220,16276
167.114.89.192,16276
167.114.89.193,16276
167.114.89.194,16276
167.114.89.195,16276
167.114.89.197,16276
167.114.89.198,16276
167.114.89.199,16276
167.114.89.200,16276
167.114.89.201,16276
167.114.89.202,16276
167.114.89.203,16276
167.114.89.204,16276
167.114.89.205,16276
167.114.89.206,16276
167.114.89.207,16276
167.114.92.48,16276
167.114.92.49,16276
167.114.92.50,16276
167.114.92.51,16276
167.114.92.52,16276
167.114.92.53,16276
167.114.92.54,16276
167.114.92.55,16276
167.114.92.56,16276
167.114.92.57,16276
167.114.92.58,16276
167.114.92.59,16276
167.114.92.60,16276
167.86.94.107,51167
167.88.7.134,20278
169.197.97.34,21859
171.244.33.189,38731
171.25.193.20,198093
171.25.193.234,198093
171.25.193.235,198093
171.25.193.25,198093
171.25.193.77,198093
171.25.193.78,198093
172.105.35.249,63949
172.107.92.18,40676
172.93.221.104,4785
172.98.193.43,31863
172.98.193.62,31863
173.208.195.102,32097
173.212.231.228,51167
173.234.56.66,15003
173.244.209.5,29854
173.249.57.253,51167
176.10.104.240,51395
176.10.107.180,51395
176.10.99.200,51395
176.105.254.174,49367
176.105.254.176,49367
176.105.254.199,49367
176.105.255.200,62068
176.105.255.203,62068
176.105.255.206,62068
176.105.255.28,62068
176.107.179.147,42331
176.110.142.116,57871
176.119.28.25,30860
176.123.5.250,200019
176.123.6.10,200019
176.123.6.26,200019
176.152.45.213,5410
176.53.90.26,42926
176.58.100.98,63949
176.58.89.182,36236
177.133.178.200,10429
177.133.182.167,10429
177.133.183.87,10429
177.157.154.234,10429
177.157.154.64,10429
177.157.159.133,10429
177.205.152.227,10429
177.205.152.253,10429
177.205.176.131,10429
177.205.176.14,10429
177.205.176.217,10429
177.205.179.253,10429
177.205.179.27,10429
177.205.18.195,10429
177.205.182.190,10429
177.205.182.73,10429
177.97.250.56,18881
177.99.131.169,10429
177.99.133.35,10429
177.99.153.70,10429
178.156.202.238,48874
178.165.72.177,34700
178.17.170.105,43289
178.17.170.112,43289
178.17.170.116,43289
178.17.170.117,43289
178.17.170.135,43289
178.17.170.164,43289
178.17.170.165,43289
178.17.170.23,43289
178.17.170.88,43289
178.17.170.91,43289
178.17.171.102,43289
178.17.171.110,43289
178.17.171.115,43289
178.17.171.197,43289
178.17.171.201,43289
178.17.171.210,43289
178.17.171.29,43289
178.17.171.39,43289
178.17.171.78,43289
178.17.174.10,43289
178.17.174.14,43289
178.17.174.181,43289
178.17.174.196,43289
178.17.174.198,43289
178.17.174.211,43289
178.17.174.224,43289
178.17.174.229,43289
178.17.174.232,43289
178.17.174.68,43289
178.175.131.194,43289
178.175.148.148,43289
178.175.148.165,43289
178.175.148.224,43289
178.175.148.25,43289
178.175.148.32,43289
178.175.148.34,43289
178.175.148.35,43289
178.175.148.36,43289
178.175.148.37,43289
178.175.148.42,43289
178.175.148.44,43289
178.175.148.46,43289
178.20.55.16,29075
178.20.55.18,29075
178.29.197.20,2119
178.29.212.77,2119
178.29.220.73,2119
178.82.215.219,6830
179.178.74.52,10429
179.182.146.162,10429
179.182.147.103,10429
179.182.147.217,10429
179.182.150.206,10429
179.182.152.46,10429
179.183.161.220,10429
179.183.163.118,10429
179.183.164.250,10429
179.183.164.56,10429
179.43.146.230,51852
179.48.251.188,52423
18.130.138.216,16509
18.177.195.141,16509
18.18.248.17,3
18.18.248.40,3
18.27.197.252,3
180.149.125.139,45204
180.150.226.99,45382
180.235.135.208,55639
181.116.208.54,11664
181.119.30.26,18747
185.10.16.41,35661
185.10.68.148,200651
185.10.68.248,200651
185.10.68.254,200651
185.100.85.101,200651
185.100.85.61,200651
185.100.86.128,200651
185.100.86.154,200651
185.100.86.182,200651
185.100.87.206,200651
185.100.87.207,200651
185.100.87.41,200651
185.107.47.171,43350
185.107.47.215,43350
185.107.70.202,43350
185.107.83.71,43350
185.112.146.138,44925
185.113.128.30,42831
185.117.215.9,47447
185.121.69.14,49697
185.121.69.16,49697
185.121.69.37,49697
185.125.33.242,197328
185.129.62.62,57860
185.130.44.108,210083
185.14.29.145,21100
185.150.44.22,61171
185.16.43.234,199456
185.163.45.38,39798
185.165.168.168,200651
185.165.168.229,200651
185.165.168.77,200651
185.174.101.23,8100
185.175.208.179,25369
185.175.208.180,25369
185.186.143.55,204490
185.195.237.117,206804
185.195.237.118,206804
185.195.237.203,206804
185.195.237.25,206804
185.200.118.106,9009
185.205.210.245,44901
185.207.139.2,41665
185.213.155.172,39351
185.216.32.130,9009
185.22.172.205,43317
185.220.100.240,205100
185.220.100.241,205100
185.220.100.242,205100
185.220.100.243,205100
185.220.100.244,205100
185.220.100.245,205100
185.220.100.246,205100
185.220.100.247,205100
185.220.100.248,205100
185.220.100.249,205100
185.220.100.250,205100
185.220.100.251,205100
185.220.100.252,205100
185.220.100.253,205100
185.220.100.254,205100
185.220.100.255,205100
185.220.101.0,208294
185.220.101.1,208294
185.220.101.11,208294
185.220.101.12,208294
185.220.101.129,208294
185.220.101.13,208294
185.220.101.130,208294
185.220.101.131,208294
185.220.101.133,208294
185.220.101.134,208294
185.220.101.135,208294
185.220.101.136,208294
185.220.101.137,208294
185.220.101.138,208294
185.220.101.139,208294
185.220.101.14,208294
185.220.101.140,208294
185.220.101.141,208294
185.220.101.142,208294
185.220.101.144,208294
185.220.101.145,208294
185.220.101.146,208294
185.220.101.15,208294
185.220.101.17,208294
185.220.101.18,208294
185.220.101.19,208294
185.220.101.193,208294
185.220.101.195,208294
185.220.101.196,208294
185.220.101.199,208294
185.220.101.2,208294
185.220.101.20,208294
185.220.101.202,208294
185.220.101.21,208294
185.220.101.22,208294
185.220.101.23,208294
185.220.101.24,208294
185.220.101.25,208294
185.220.101.26,208294
185.220.101.27,208294
185.220.101.28,208294
185.220.101.29,208294
185.220.101.3,208294
185.220.101.30,208294
185.220.101.31,208294
185.220.101.32,208294
185.220.101.33,208294
185.220.101.34,208294
185.220.101.35,208294
185.220.101.37,208294
185.220.101.39,208294
185.220.101.4,208294
185.220.101.40,208294
185.220.101.41,208294
185.220.101.42,208294
185.220.101.43,208294
185.220.101.44,208294
185.220.101.45,208294
185.220.101.46,208294
185.220.101.47,208294
185.220.101.48,208294
185.220.101.49,208294
185.220.101.5,208294
185.220.101.50,208294
185.220.101.51,208294
185.220.101.56,208294
185.220.101.57,208294
185.220.101.58,208294
185.220.101.59,208294
185.220.101.6,208294
185.220.101.60,208294
185.220.101.61,208294
185.220.101.62,208294
185.220.101.63,208294
185.220.101.64,208294
185.220.101.65,208294
185.220.101.66,208294
185.220.101.67,208294
185.220.101.68,208294
185.220.101.69,208294
185.220.101.7,208294
185.220.101.70,208294
185.220.101.71,208294
185.220.101.72,208294
185.220.101.73,208294
185.220.101.74,208294
185.220.101.75,208294
185.220.101.76,208294
185.220.101.77,208294
185.220.101.79,208294
185.220.101.9,208294
185.220.102.4,60729
185.220.102.6,60729
185.220.102.7,60729
185.220.102.8,60729
185.220.103.4,4224
185.220.103.5,4224
185.220.103.6,4224
185.220.103.7,4224
185.220.103.8,4224
185.220.103.9,4224
185.222.202.104,204725
185.222.202.12,204725
185.222.202.133,204725
185.225.226.169,207560
185.225.69.52,30836
185.225.69.60,30836
185.226.65.49,205053
185.228.19.147,35913
185.233.100.23,198985
185.242.113.224,31400
185.242.180.101,60798
185.244.39.233,64425
185.248.160.21,43350
185.248.160.214,43350
185.248.160.231,43350
185.248.160.65,43350
185.29.8.145,60567
185.34.33.2,28855
185.35.202.222,50304
185.38.175.71,205235
185.4.132.183,199246
185.4.135.135,199246
185.42.170.203,62248
185.56.171.94,3242
185.59.103.24,200081
185.65.134.175,39351
185.65.205.10,59895
185.65.206.154,59895
185.67.82.114,20904
185.70.8.46,201536
185.72.244.24,47447
185.73.240.223,59741
185.82.219.109,59729
185.86.149.139,52173
186.214.1.48,18881
186.214.12.86,18881
186.214.2.60,18881
186.214.6.241,18881
186.214.73.141,10429
186.214.76.18,10429
186.214.76.31,10429
186.214.90.59,10429
186.214.91.117,10429
186.214.92.149,10429
186.29.96.233,19429
187.178.75.109,6503
187.20.34.84,28573
188.213.49.176,44220
188.214.104.146,5588
188.240.210.20,203523
189.84.21.44,28271
190.160.106.49,22047
190.162.197.147,22047
190.216.2.136,3549
190.45.6.55,22047
190.45.87.116,22047
190.97.167.144,27956
191.114.10.178,7418
191.114.10.96,7418
191.114.100.224,7418
191.114.101.125,7418
191.114.107.22,7418
191.114.108.191,7418
191.114.112.204,7418
191.114.115.56,7418
191.114.127.170,7418
191.114.15.138,7418
191.114.16.94,7418
191.114.18.31,7418
191.114.25.59,7418
191.114.29.143,7418
191.114.3.11,7418
191.114.30.171,7418
191.114.30.58,7418
191.114.33.160,7418
191.114.33.187,7418
191.114.38.119,7418
191.114.47.141,7418
191.114.49.35,7418
191.114.55.104,7418
191.114.58.97,7418
191.114.63.175,7418
191.114.65.221,7418
191.114.76.124,7418
191.114.79.212,7418
191.114.8.83,7418
191.114.86.21,7418
191.114.86.76,7418
191.114.87.207,7418
191.114.89.176,7418
191.114.9.124,7418
191.114.9.247,7418
191.114.90.10,7418
191.114.90.139,7418
191.114.95.246,7418
191.114.98.226,7418
191.114.99.40,7418
191.250.140.235,18881
191.250.246.242,10429
191.251.133.27,10429
191.251.135.71,10429
191.251.170.43,10429
191.251.191.173,10429
191.251.191.243,10429
191.32.200.74,10429
191.32.206.107,10429
191.34.119.16,10429
191.34.123.166,10429
191.34.124.19,10429
191.34.126.113,10429
191.34.127.105,10429
191.34.127.243,10429
191.34.192.33,10429
191.34.194.120,10429
191.34.195.114,10429
192.151.150.107,33387
192.151.150.108,33387
192.151.150.109,33387
192.151.150.110,33387
192.160.102.164,395089
192.160.102.165,395089
192.160.102.166,395089
192.160.102.168,395089
192.160.102.169,395089
192.160.102.170,395089
192.195.80.10,32329
192.227.215.192,36352
192.34.80.176,33083
192.42.116.13,1101
192.42.116.14,1101
192.42.116.15,1101
192.42.116.16,1101
192.42.116.17,1101
192.42.116.18,1101
192.42.116.19,1101
192.42.116.20,1101
192.42.116.22,1101
192.42.116.23,1101
192.42.116.24,1101
192.42.116.25,1101
192.42.116.26,1101
192.42.116.27,1101
192.42.116.28,1101
192.68.11.219,204911
192.81.223.177,14061
192.99.253.155,16276
193.110.157.151,3265
193.118.34.130,21859
193.124.186.222,35196
193.138.61.208,34779
193.169.145.194,38935
193.169.145.202,38935
193.169.145.66,38935
193.169.255.102,210273
193.180.164.136,197595
193.180.164.140,197595
193.180.164.162,197595
193.180.164.164,197595
193.180.164.196,197595
193.180.164.197,197595
193.180.164.227,197595
193.218.118.130,207656
193.218.118.131,207656
193.218.118.140,207656
193.218.118.150,207656
193.218.118.160,207656
193.218.118.30,207656
193.218.118.70,207656
193.218.118.90,207656
193.32.126.160,39351
193.36.119.17,206804
193.9.115.24,9009
194.187.249.41,9009
194.40.240.96,200313
195.123.212.75,50979
195.123.213.98,50979
195.123.217.153,21100
195.123.224.108,59729
195.123.225.112,59729
195.123.237.251,204957
195.123.246.77,204957
195.123.247.40,204957
195.154.106.148,12876
195.154.179.3,12876
195.176.3.19,559
195.176.3.20,559
195.176.3.23,559
195.176.3.24,559
195.206.105.217,9009
195.228.45.176,5483
195.231.9.23,202242
195.254.134.194,38935
195.254.135.76,38935
195.37.209.9,680
198.100.148.114,16276
198.12.66.114,36352
198.12.66.116,36352
198.251.80.172,53667
198.251.80.214,53667
198.251.83.193,53667
198.251.83.248,53667
198.251.89.157,53667
198.251.89.176,53667
198.251.89.80,53667
198.50.128.225,16276
198.50.128.237,16276
198.50.158.140,16276
198.50.236.123,16276
198.50.246.54,16276
198.50.246.57,16276
198.50.246.58,16276
198.50.246.59,16276
198.50.246.61,16276
198.50.246.62,16276
198.50.253.253,16276
198.50.253.42,16276
198.50.253.44,16276
198.50.253.45,16276
198.50.253.46,16276
198.58.107.53,63949
198.96.155.3,12093
198.98.50.112,53667
198.98.50.201,53667
198.98.53.61,53667
198.98.53.79,53667
198.98.55.119,53667
198.98.56.155,53667
198.98.58.135,53667
198.98.59.161,53667
198.98.59.251,53667
198.98.61.88,53667
198.98.62.107,53667
199.19.224.107,53667
199.19.224.52,53667
199.19.224.76,53667
199.19.224.84,53667
199.19.225.128,53667
199.19.225.190,53667
199.19.226.142,53667
199.19.226.179,53667
199.19.226.23,53667
199.19.226.92,53667
199.195.249.82,53667
199.195.250.77,53667
199.195.251.226,53667
199.195.251.84,53667
199.249.230.100,62744
199.249.230.101,62744
199.249.230.102,62744
199.249.230.103,62744
199.249.230.104,62744
199.249.230.105,62744
199.249.230.106,62744
199.249.230.107,62744
199.249.230.108,62744
199.249.230.109,62744
199.249.230.110,62744
199.249.230.111,62744
199.249.230.112,62744
199.249.230.113,62744
199.249.230.114,62744
199.249.230.115,62744
199.249.230.116,62744
199.249.230.117,62744
199.249.230.118,62744
199.249.230.119,62744
199.249.230.120,62744
199.249.230.121,62744
199.249.230.122,62744
199.249.230.123,62744
199.249.230.64,62744
199.249.230.65,62744
199.249.230.66,62744
199.249.230.67,62744
199.249.230.68,62744
199.249.230.69,62744
199.249.230.70,62744
199.249.230.71,62744
199.249.230.72,62744
199.249.230.73,62744
199.249.230.74,62744
199.249.230.75,62744
199.249.230.76,62744
199.249.230.77,62744
199.249.230.78,62744
199.249.230.79,62744
199.249.230.80,62744
199.249.230.81,62744
199.249.230.82,62744
199.249.230.83,62744
199.249.230.84,62744
199.249.230.85,62744
199.249.230.86,62744
199.249.230.87,62744
199.249.230.88,62744
199.249.230.89,62744
199.87.154.255,18451
2.7.79.205,3215
200.28.162.34,7418
200.52.59.215,6503
200.56.44.184,6503
200.56.45.134,6503
200.98.137.240,7162
200.98.161.148,7162
201.214.186.88,22047
201.22.96.158,10429
201.80.164.203,28573
201.80.45.203,28573
202.165.228.161,9260
202.165.228.225,9260
204.11.50.131,30176
204.27.60.147,19969
204.8.156.142,111
204.85.191.8,36850
204.85.191.9,36850
205.185.113.116,53667
205.185.113.117,53667
205.185.113.189,53667
205.185.113.198,53667
205.185.113.30,53667
205.185.113.90,53667
205.185.114.238,53667
205.185.114.250,53667
205.185.115.162,53667
205.185.115.175,53667
205.185.115.203,53667
205.185.115.207,53667
205.185.115.21,53667
205.185.115.245,53667
205.185.115.70,53667
205.185.116.152,53667
205.185.116.180,53667
205.185.116.60,53667
205.185.117.149,53667
205.185.117.253,53667
205.185.117.32,53667
205.185.117.47,53667
205.185.118.153,53667
205.185.118.189,53667
205.185.118.220,53667
205.185.119.124,53667
205.185.119.198,53667
205.185.119.85,53667
205.185.120.131,53667
205.185.120.81,53667
205.185.121.115,53667
205.185.121.212,53667
205.185.121.241,53667
205.185.122.208,53667
205.185.122.38,53667
205.185.122.84,53667
205.185.123.166,53667
205.185.123.214,53667
205.185.123.239,53667
205.185.123.242,53667
205.185.123.246,53667
205.185.124.100,53667
205.185.124.152,53667
205.185.124.215,53667
205.185.124.223,53667
205.185.124.24,53667
205.185.124.61,53667
205.185.124.65,53667
205.185.125.165,53667
205.185.125.82,53667
205.185.126.11,53667
205.185.126.15,53667
205.185.126.214,53667
205.185.126.56,53667
205.185.126.60,53667
205.185.126.78,53667
205.185.127.163,53667
205.185.127.219,53667
206.248.184.127,5645
206.55.74.0,14536
207.244.70.35,30633
208.68.4.129,397444
209.141.33.192,53667
209.141.33.74,53667
209.141.34.248,53667
209.141.34.65,53667
209.141.34.95,53667
209.141.35.110,53667
209.141.35.114,53667
209.141.35.14,53667
209.141.35.234,53667
209.141.37.219,53667
209.141.37.34,53667
209.141.37.53,53667
209.141.38.43,53667
209.141.39.33,53667
209.141.39.98,53667
209.141.40.167,53667
209.141.40.185,53667
209.141.40.201,53667
209.141.41.103,53667
209.141.41.158,53667
209.141.41.174,53667
209.141.41.216,53667
209.141.41.42,53667
209.141.41.78,53667
209.141.42.120,53667
209.141.42.217,53667
209.141.42.231,53667
209.141.42.3,53667
209.141.43.180,53667
209.141.43.35,53667
209.141.45.145,53667
209.141.45.158,53667
209.141.45.189,53667
209.141.45.212,53667
209.141.45.68,53667
209.141.45.89,53667
209.141.46.219,53667
209.141.46.76,53667
209.141.46.8,53667
209.141.47.133,53667
209.141.47.17,53667
209.141.47.240,53667
209.141.47.3,53667
209.141.47.54,53667
209.141.47.99,53667
209.141.48.144,53667
209.141.48.150,53667
209.141.48.43,53667
209.141.49.135,53667
209.141.49.150,53667
209.141.49.164,53667
209.141.49.204,53667
209.141.50.123,53667
209.141.50.178,53667
209.141.50.42,53667
209.141.50.59,53667
209.141.50.84,53667
209.141.51.21,53667
209.141.51.65,53667
209.141.52.137,53667
209.141.52.146,53667
209.141.52.171,53667
209.141.52.203,53667
209.141.54.27,53667
209.141.55.13,53667
209.141.55.233,53667
209.141.55.51,53667
209.141.55.74,53667
209.141.56.122,53667
209.141.56.231,53667
209.141.56.40,53667
209.141.57.10,53667
209.141.57.142,53667
209.141.57.219,53667
209.141.57.4,53667
209.141.57.62,53667
209.141.58.114,53667
209.141.58.170,53667
209.141.58.233,53667
209.141.58.248,53667
209.141.58.95,53667
209.141.59.189,53667
209.141.59.63,53667
209.141.59.77,53667
209.141.60.236,53667
209.141.60.244,53667
209.141.60.92,53667
209.141.61.152,53667
209.141.61.36,53667
209.141.62.152,53667
209.141.62.188,53667
209.141.62.246,53667
209.141.62.80,53667
209.141.62.84,53667
209.58.132.142,7203
209.58.145.203,394380
209.95.51.11,32780
210.140.10.35,4694
212.16.104.33,12659
212.199.61.5,9116
212.21.66.6,44716
212.47.229.4,12876
212.83.166.62,12876
213.108.105.71,47172
213.139.206.28,136175
213.152.162.10,49453
213.160.32.233,21232
213.179.54.190,16186
213.252.140.118,9066
213.61.215.54,8220
213.95.149.22,12337
216.186.250.53,12083
216.218.134.12,6939
216.239.90.19,10996
217.100.113.174,33915
217.112.131.7,30836
217.12.221.131,15626
217.12.221.196,15626
217.12.223.225,15626
217.12.223.227,15626
217.170.197.70,34989
217.170.197.83,34989
217.170.197.89,34989
217.170.204.126,34989
217.170.205.107,34989
217.170.205.14,34989
217.170.206.138,34989
217.170.206.146,34989
217.79.178.53,24961
23.105.169.32,30633
23.105.41.99,395954
23.106.47.192,7203
23.129.64.150,396507
23.129.64.151,396507
23.129.64.152,396507
23.129.64.153,396507
23.129.64.154,396507
23.129.64.155,396507
23.129.64.156,396507
23.129.64.157,396507
23.129.64.158,396507
23.129.64.159,396507
23.129.64.180,396507
23.129.64.181,396507
23.129.64.182,396507
23.129.64.183,396507
23.129.64.184,396507
23.129.64.185,396507
23.129.64.186,396507
23.129.64.187,396507
23.129.64.188,396507
23.129.64.189,396507
23.129.64.190,396507
23.129.64.191,396507
23.129.64.192,396507
23.129.64.193,396507
23.129.64.194,396507
23.129.64.200,396507
23.129.64.201,396507
23.129.64.202,396507
23.129.64.203,396507
23.129.64.204,396507
23.129.64.205,396507
23.129.64.206,396507
23.129.64.207,396507
23.129.64.208,396507
23.129.64.209,396507
23.129.64.210,396507
23.129.64.211,396507
23.129.64.212,396507
23.129.64.213,396507
23.129.64.214,396507
23.129.64.220,396507
23.129.64.221,396507
23.129.64.222,396507
23.129.64.223,396507
23.129.64.224,396507
23.129.64.225,396507
23.129.64.226,396507
23.129.64.227,396507
23.129.64.229,396507
23.129.64.230,396507
23.129.64.231,396507
23.129.64.232,396507
23.129.64.233,396507
23.129.64.234,396507
23.239.22.248,63949
23.82.136.101,393886
27.111.84.39,135132
27.122.59.100,63916
27.122.59.86,63916
31.13.195.121,34224
31.13.195.130,34224
31.13.195.39,34224
31.185.104.19,43847
31.185.104.20,43847
31.185.104.21,43847
31.220.4.122,63473
31.220.4.133,63473
31.31.72.24,197019
35.0.127.52,36375
35.178.59.186,16509
36.227.162.7,3462
36.227.165.146,3462
36.227.168.161,3462
36.227.169.170,3462
36.227.173.129,3462
37.1.206.154,50673
37.1.220.161,50673
37.139.8.104,14061
37.228.129.2,200651
37.252.5.231,34702
37.28.154.68,197155
37.48.120.196,60781
38.39.233.117,138576
38.68.37.77,396073
38.86.43.91,174
41.215.241.146,33785
41.215.242.42,33785
41.77.136.114,33785
41.77.137.114,33785
43.251.159.144,134520
45.114.130.4,45382
45.119.203.170,63930
45.119.203.171,63930
45.125.65.112,133398
45.125.65.118,133398
45.125.65.45,133398
45.128.133.242,206804
45.137.184.71,59760
45.14.148.96,44220
45.14.148.97,44220
45.14.148.98,44220
45.14.49.155,208951
45.140.170.187,49392
45.141.157.226,209696
45.142.212.109,200019
45.142.213.64,202933
45.154.255.44,41281
45.20.152.171,7018
45.56.103.80,63949
45.64.186.102,58955
45.66.35.35,47482
45.67.14.0,207616
45.76.115.159,20473
45.79.73.22,63949
45.79.85.85,63949
45.81.233.53,44066
45.90.58.85,204957
46.165.230.5,28753
46.165.245.154,28753
46.166.129.156,43350
46.166.139.111,43350
46.166.160.70,16125
46.167.244.56,6830
46.167.244.59,6830
46.182.106.190,58073
46.194.1.129,2119
46.194.129.46,2119
46.194.134.151,2119
46.194.148.59,2119
46.194.15.7,2119
46.194.150.191,2119
46.194.151.66,2119
46.194.158.48,2119
46.194.169.160,2119
46.194.17.6,2119
46.194.176.35,2119
46.194.31.58,2119
46.194.39.106,2119
46.194.41.244,2119
46.194.44.167,2119
46.194.50.105,2119
46.194.55.60,2119
46.194.60.245,2119
46.194.61.112,2119
46.194.8.20,2119
46.22.220.25,34702
46.22.220.37,34702
46.232.249.138,197540
46.232.251.191,197540
46.246.35.136,37560
46.246.35.21,37560
46.246.35.98,37560
46.246.37.140,37560
46.246.38.47,37560
46.246.39.17,37560
46.246.40.174,37560
46.246.41.172,37560
46.246.41.240,37560
46.246.42.181,37560
46.246.42.206,37560
46.246.42.214,37560
46.246.44.211,37560
46.246.45.139,37560
46.246.45.211,37560
46.246.61.236,37560
46.246.61.28,37560
46.246.62.44,37560
46.246.63.196,37560
46.29.248.238,57858
46.38.235.14,197540
46.95.72.217,3320
49.50.107.221,55470
49.50.66.209,55470
5.143.166.214,12389
5.154.191.164,59728
5.165.65.39,50542
5.165.67.182,50542
5.165.67.25,50542
5.189.146.133,51167
5.199.130.188,24961
5.199.135.107,24961
5.2.72.101,60404
5.2.72.110,60404
5.2.72.113,60404
5.2.77.146,60404
5.2.79.179,60404
5.3.160.10,50542
5.3.161.28,50542
5.61.32.96,28753
5.79.109.48,60781
50.116.37.141,63949
51.15.1.221,12876
51.15.100.60,12876
51.15.106.64,12876
51.15.111.29,12876
51.15.117.50,12876
51.15.177.65,12876
51.15.217.175,12876
51.15.235.211,12876
51.15.43.174,12876
51.15.43.205,12876
51.15.49.134,12876
51.15.80.14,12876
51.15.86.162,12876
51.158.111.157,12876
51.158.147.12,12876
51.158.29.131,12876
51.158.65.243,12876
51.161.43.235,16276
51.178.51.184,16276
51.178.52.245,16276
51.254.143.96,16276
51.254.201.90,16276
51.254.48.93,16276
51.255.106.85,16276
51.255.211.172,16276
51.255.45.144,16276
51.38.129.34,16276
51.38.162.232,16276
51.38.233.93,16276
51.38.64.136,16276
51.68.139.151,16276
51.68.201.112,16276
51.68.201.113,16276
51.68.201.114,16276
51.68.201.115,16276
51.68.201.116,16276
51.68.201.117,16276
51.68.201.118,16276
51.68.201.119,16276
51.68.201.120,16276
51.68.201.121,16276
51.68.201.122,16276
51.68.201.123,16276
51.68.214.45,16276
51.75.144.43,16276
51.75.175.22,16276
51.75.175.25,16276
51.75.175.26,16276
51.75.175.27,16276
51.75.175.28,16276
51.75.175.29,16276
51.75.175.30,16276
51.75.175.31,16276
51.75.222.161,16276
51.75.64.23,16276
51.77.39.255,16276
51.77.52.216,16276
51.79.53.134,16276
51.79.53.139,16276
51.79.53.145,16276
51.79.53.146,16276
51.79.86.173,16276
51.79.86.174,16276
51.79.86.175,16276
51.79.86.177,16276
51.79.86.180,16276
51.79.86.181,16276
51.83.138.186,16276
51.83.76.139,16276
51.89.147.64,16276
51.89.147.65,16276
51.89.147.66,16276
51.89.147.67,16276
51.89.147.68,16276
51.89.147.69,16276
51.89.147.70,16276
51.89.147.71,16276
51.89.147.72,16276
51.89.147.73,16276
51.89.147.74,16276
51.89.200.100,16276
51.89.200.104,16276
51.89.200.105,16276
51.89.200.106,16276
51.89.200.107,16276
51.89.200.108,16276
51.89.200.109,16276
51.89.200.110,16276
51.89.200.111,16276
51.89.200.119,16276
51.89.200.120,16276
51.89.200.121,16276
51.89.200.122,16276
51.89.200.123,16276
51.89.200.124,16276
51.89.200.125,16276
51.89.200.126,16276
51.89.200.97,16276
51.89.200.99,16276
51.89.213.80,16276
51.89.213.81,16276
51.89.213.82,16276
51.89.213.83,16276
51.89.213.84,16276
51.89.213.85,16276
51.89.213.86,16276
51.89.213.87,16276
51.89.213.88,16276
51.89.213.89,16276
51.89.213.90,16276
51.89.213.91,16276
51.89.213.92,16276
51.89.213.93,16276
51.89.213.94,16276
51.89.213.95,16276
51.89.23.74,16276
51.89.39.180,16276
51.91.77.70,16276
54.36.108.162,16276
54.36.189.105,16276
54.37.16.241,16276
54.38.219.139,16276
58.153.112.168,4760
58.153.151.141,4760
58.153.222.198,4760
59.115.113.24,3462
59.115.115.75,3462
59.115.125.112,3462
59.127.163.155,3462
61.230.104.118,3462
61.230.106.5,3462
61.230.109.208,3462
61.230.118.85,3462
61.230.162.230,3462
62.102.148.68,51815
62.102.148.69,51815
62.109.10.150,29182
62.141.54.199,31103
62.151.182.246,8560
62.171.133.250,51167
62.171.137.20,51167
62.171.142.3,51167
62.171.144.155,51167
62.178.138.46,6830
62.210.105.116,12876
62.210.37.82,12876
62.219.3.47,8551
62.219.3.48,8551
62.98.195.252,1267
62.98.197.215,1267
62.98.203.251,1267
64.113.32.29,15154
64.120.44.2,396362
64.27.17.140,35916
64.71.142.240,6939
65.181.121.246,25653
65.181.123.254,25653
66.115.175.204,46562
66.146.193.33,26068
66.175.208.248,63949
66.220.242.222,17356
66.220.3.179,6939
66.230.230.230,3064
66.70.204.160,16276
66.70.204.162,16276
66.70.204.163,16276
66.70.228.168,16276
66.85.45.206,397438
67.163.129.15,7016
67.163.131.76,7016
67.211.133.100,7795
67.215.255.140,8100
68.43.250.105,33668
69.30.201.214,32097
69.4.82.204,55286
71.174.105.126,701
71.19.144.106,47066
71.19.146.189,47066
71.19.148.20,47066
72.14.177.103,63949
74.96.242.116,701
77.109.191.140,13030
77.247.181.162,43350
77.247.181.163,43350
77.247.181.165,43350
77.81.247.72,60781
78.130.145.109,9070
78.142.175.70,8437
78.142.19.171,30860
78.142.19.43,30860
78.159.98.240,28753
78.47.147.45,24940
78.78.244.97,3301
79.124.60.174,50360
79.137.79.167,16276
79.143.177.128,51167
79.172.193.32,29278
79.174.12.138,29182
80.127.116.96,3265
80.241.60.207,199118
80.67.172.162,20766
80.79.23.7,24971
80.85.152.204,44493
81.16.33.31,13022
81.16.33.33,13022
81.177.136.100,8342
82.118.21.59,204957
82.140.193.79,12389
82.140.248.108,12389
82.207.167.86,8881
82.221.128.191,50613
82.221.131.5,50613
82.221.131.71,50613
82.221.139.190,50613
82.221.141.96,50613
82.223.14.245,8560
83.135.193.144,8881
83.135.197.180,8881
83.135.199.144,8881
83.135.199.19,8881
83.135.202.106,8881
83.135.202.226,8881
83.135.202.76,8881
83.22.33.236,5617
83.22.41.84,5617
83.96.213.60,35470
83.96.213.63,35470
83.97.20.100,9009
83.97.20.101,9009
83.97.20.118,9009
83.97.20.245,9009
83.97.20.248,9009
83.97.20.97,9009
83.97.20.98,9009
83.97.20.99,9009
84.19.190.178,31103
84.209.130.200,41164
84.53.192.243,34168
84.53.225.118,34168
85.248.227.163,5578
85.248.227.164,5578
85.248.227.165,5578
85.93.218.204,9008
87.101.92.171,9009
87.118.110.27,31103
87.118.116.103,31103
87.118.116.12,31103
87.118.116.229,31103
87.118.116.90,31103
87.118.122.30,31103
87.118.122.51,31103
87.118.92.43,31103
87.118.96.154,31103
87.120.254.105,34224
87.120.254.98,34224
87.120.37.79,34224
87.123.33.44,8881
87.123.34.75,8881
87.123.36.135,8881
87.123.39.168,8881
87.123.40.137,8881
87.123.40.185,8881
87.123.42.124,8881
87.123.42.81,8881
87.123.49.7,8881
87.123.71.119,8881
87.123.79.198,8881
87.123.79.7,8881
87.182.208.39,3320
87.81.148.61,5607
89.144.12.17,12586
89.163.143.8,24961
89.163.239.216,24961
89.203.248.195,25512
89.203.250.108,25512
89.203.250.133,25512
89.203.250.134,25512
89.223.88.117,201848
89.234.157.254,197422
89.234.174.47,204355
89.236.112.100,30798
89.245.82.243,8881
89.245.85.229,8881
89.245.91.51,8881
89.245.93.31,8881
89.245.94.233,8881
89.246.117.189,8881
89.31.57.5,201401
89.31.96.168,35470
89.34.27.149,25198
89.34.27.37,25198
89.34.27.43,25198
89.34.27.48,25198
89.34.27.49,25198
89.34.27.59,25198
89.46.223.143,25369
91.121.251.65,16276
91.132.147.168,197540
91.146.121.3,198031
91.185.188.22,57367
91.203.145.116,45045
91.207.174.75,9009
91.219.236.127,56322
91.219.238.95,56322
91.221.57.179,49502
91.234.99.15,48666
91.244.181.85,42831
91.250.242.12,6718
91.32.250.241,3320
91.92.109.43,34224
92.222.127.232,16276
92.249.157.239,20845
92.50.105.150,6830
93.115.241.194,41011
93.174.93.133,202425
93.186.170.7,31147
93.188.155.158,59729
93.188.155.94,59729
93.234.92.245,3320
93.238.26.113,3320
93.238.26.202,3320
93.238.26.90,3320
93.238.28.13,3320
93.238.29.162,3320
94.100.28.179,29802
94.100.6.72,48496
94.102.51.78,202425
94.140.114.216,43513
94.142.244.16,8283
94.156.189.36,44901
94.16.121.91,197540
94.230.208.147,29691
94.230.208.148,29691
94.237.76.207,202053
94.32.66.15,8612
94.32.66.48,8612
95.128.43.164,41653
95.130.9.90,196689
95.142.161.63,203476
95.143.193.125,49770
95.154.24.73,39642
95.179.198.17,20473
95.197.113.30,3301
95.197.51.165,3301
95.203.129.182,3301
95.203.229.150,3301
95.203.233.89,3301
95.211.118.194,60781
95.211.230.211,60781
95.216.107.148,24940
95.216.145.1,24940
95.216.191.15,24940
95.216.34.221,24940
95.217.132.189,24940
95.217.132.230,24940
96.66.15.147,33668
96.70.31.157,7725
97.74.237.196,26496
